Wall time,Step,Value
1584783472.2870162,1003,27.4552001953125
1584783524.6622927,21983,137.73931884765625
1584783566.2722888,42977,180.7323760986328
1584783615.1926217,64334,228.43455505371094
1584783654.0508447,85896,281.5821228027344
1584783699.373568,107434,294.5205078125
1584783743.1096942,129379,363.982177734375
1584783785.4822462,152019,520.8341674804688
1584783832.7461734,175826,915.0726928710938
1584783880.55824,199804,1030.0382080078125
1584783930.9235497,225420,1307.6038818359375
1584783977.2039425,251076,1466.334716796875
1584784031.3322084,278097,1632.1094970703125
1584784074.0731416,301576,1443.051025390625
1584784126.2803924,327780,1718.783447265625
1584784173.8563244,354065,1859.091552734375
1584784225.6582406,380799,1893.158203125
1584784280.9118028,407211,1976.396728515625
1584784337.2983031,432107,1990.82470703125
1584784391.31223,458135,1652.895263671875
1584784437.8741658,484536,1898.822998046875
1584784480.5194993,511279,2122.692626953125
1584784532.1437087,538347,1625.11279296875
1584784564.8401392,563428,1677.6666259765625
1584784612.8100016,589948,2021.626708984375
1584784662.960138,616360,2206.9970703125
1584784692.738671,641193,1885.138916015625
1584784719.967512,665131,1688.766845703125
1584784744.6813343,689722,2450.108642578125
1584784786.4058714,717761,2847.72216796875
1584784825.6715658,744876,2623.817626953125
1584784857.8528867,768458,2007.134033203125
1584784878.8993979,794427,1859.2730712890625
1584784902.4210024,819235,1957.7593994140625
1584784926.427205,844333,1806.509765625
1584784952.5151832,871000,1720.037841796875
1584784973.7326198,894061,1305.7154541015625
1584784994.200074,916899,1470.501953125
1584785016.0887027,940968,1365.520751953125
1584785046.326257,966137,1758.7806396484375
1584785070.09395,991832,2019.919921875
1584785082.561453,1000577,2105.621826171875
