Wall time,Step,Value
1583432810.4764555,1015,32.646915435791016
1583432870.8221612,21975,153.5369110107422
1583432932.9822726,43114,257.83740234375
1583432993.7893717,64688,379.9800720214844
1583433053.9443822,87065,536.2486572265625
1583433117.7102075,110625,615.449462890625
1583433181.1919227,133831,655.9908447265625
1583433237.9727263,156958,986.553466796875
1583433299.6270497,181321,970.5018920898438
1583433371.5941744,206504,1274.5965576171875
1583433429.7620752,229577,1207.03076171875
1583433484.2999141,253881,1105.318603515625
1583433548.0871363,280182,1394.4398193359375
1583433616.431387,306414,1834.0079345703125
1583433679.2689805,331771,1625.5521240234375
1583433725.4872932,355674,1470.10302734375
1583433788.2866468,382791,1799.5589599609375
1583433840.6663926,407456,1720.053955078125
1583433894.0111675,433700,1989.4246826171875
1583433941.7066405,459031,2598.53076171875
1583433992.007352,484915,2514.45068359375
1583434038.5251937,511405,1768.178466796875
1583434079.1439142,534475,2603.642822265625
1583434114.7734516,556448,3031.195068359375
1583434152.694023,579705,2621.84521484375
1583434183.536387,604456,2844.812255859375
1583434228.8763778,630378,2630.85009765625
1583434260.3180556,654658,2061.2607421875
1583434287.4452078,679404,1517.527099609375
1583434321.095334,703593,1254.8594970703125
1583434351.8598244,727079,1542.0450439453125
1583434390.1491466,753395,2026.5098876953125
1583434436.7122836,781925,2221.61279296875
1583434469.2645462,807799,1703.6453857421875
1583434494.31537,830545,876.3648681640625
1583434512.8857336,852173,758.4359741210938
1583434539.617686,874510,933.947998046875
1583434577.5908384,900356,1207.454345703125
1583434612.435969,926103,2075.19775390625
1583434653.3478854,949437,2623.233154296875
1583434694.8663194,972881,2445.99560546875
1583434723.2487316,998866,2092.213134765625
1583434724.7964501,1000525,2041.774658203125
