Wall time,Step,Value
1583415771.5175533,1012,29.961849212646484
1583416048.7334921,21719,130.67245483398438
1583416305.0156696,42881,207.5360107421875
1583416550.9904256,64038,294.27386474609375
1583416794.6253226,85208,302.6523132324219
1583417067.3173027,106871,391.45172119140625
1583417435.0373363,128784,523.10546875
1583417850.615705,153157,1000.3107299804688
1583418267.1853206,176921,1011.5484008789062
1583418631.2603784,200737,1153.496826171875
1583419017.8561757,225284,1082.869140625
1583419466.63304,248201,994.634765625
1583419905.3692253,271987,968.40869140625
1583420135.281639,295424,905.2996826171875
1583420512.288714,318598,919.5957641601562
1583420871.1221251,341836,1035.83740234375
1583421210.0468118,366127,1272.9600830078125
1583421551.1136453,389529,950.1929321289062
1583421898.3635576,414149,1232.2423095703125
1583422225.3683987,440489,1535.3251953125
1583422557.0429268,465497,1380.1488037109375
1583422861.3139162,489678,1498.2216796875
1583423218.2568018,516137,2209.608642578125
1583423543.8381093,541921,2235.227783203125
1583423905.841248,567309,2264.90673828125
1583424158.356363,591258,2447.416259765625
1583424423.2998948,616533,2294.161865234375
1583424629.3921552,642988,1964.19677734375
1583424919.7940116,666892,2720.929931640625
1583425142.0224972,690341,2773.668701171875
1583425320.3143923,717023,2377.041259765625
1583425569.00051,744751,2541.009033203125
1583425739.4352386,770387,2790.611572265625
1583425913.408363,796579,2372.831787109375
1583426005.2949622,821984,2525.470703125
1583426208.2647736,848148,2535.26953125
1583426396.20879,874811,2791.33837890625
1583426554.6474478,898075,2980.4033203125
1583426676.5583773,919818,3022.390380859375
1583426879.417319,943558,2821.228515625
1583427017.0387957,970813,2018.3426513671875
1583427160.3336792,995541,2261.402099609375
1583427215.065344,1001294,2177.199951171875
