Wall time,Step,Value
1584744683.7290933,1008,10.983844757080078
1584744725.883806,21740,129.7860107421875
1584744781.5774589,42773,235.42027282714844
1584744834.084043,64567,412.2923583984375
1584744874.1310422,86594,484.4632263183594
1584744919.4514117,109086,504.6251220703125
1584744967.3235962,132548,920.8548583984375
1584745027.1706889,158025,1069.6021728515625
1584745075.5715911,184621,1322.6971435546875
1584745131.5369954,209618,1395.34423828125
1584745184.1911168,232861,2085.8671875
1584745237.0148304,255846,2208.760986328125
1584745278.5061538,277146,2446.513671875
1584745309.894725,298230,2172.627197265625
1584745340.4967191,318359,2352.375
1584745375.4703603,338359,2415.3916015625
1584745394.7636304,358423,2677.277099609375
1584745415.4882176,380282,2573.690673828125
1584745442.4759696,400571,2792.8349609375
1584745461.464907,420640,2793.66845703125
1584745489.756429,440640,2877.7861328125
1584745503.1915336,464762,1554.526123046875
1584745530.4712443,490028,1956.8634033203125
1584745565.1881983,510028,2813.259765625
1584745589.0900495,530028,2931.77490234375
1584745602.9973392,550670,2687.7392578125
1584745619.9054582,570881,2681.34765625
1584745642.9734643,592557,580.746337890625
1584745659.4182703,613528,233.75872802734375
1584745687.4289181,634667,1942.8306884765625
1584745717.3610477,654667,2528.939697265625
1584745741.1598117,674667,2828.868408203125
1584745764.6704605,694966,2467.77587890625
1584745781.154216,715921,2517.384765625
1584745796.766305,737885,1915.169921875
1584745815.8699574,757885,2834.177490234375
1584745834.1846492,777885,2989.13037109375
1584745857.1928246,801058,1534.3681640625
1584745890.655452,821703,2551.947998046875
1584745905.7850103,841967,2585.115966796875
1584745928.9197006,863445,2490.4482421875
1584745948.1434424,886028,1849.9630126953125
1584745976.4205382,906723,2477.669921875
1584746002.42557,930127,1745.686279296875
1584746022.2568433,950127,2662.414794921875
1584746038.8730018,971448,2223.404541015625
1584746055.854805,993461,2001.441650390625
1584746062.753502,1000567,2360.815673828125
